<?xml version="1.0" encoding="UTF-8"?><mets xmlns="http://www.loc.gov/METS/" xmlns:utils="xalan://gov.gpo.fdsys.utils" xmlns:datetime="http://exslt.org/dates-and-times" xmlns:xalan="http://xml.apache.org/xalan" xmlns:xsi="http://www.w3.org/2001/XMLSchema-instance" xmlns:xlink="http://www.w3.org/1999/xlink" xsi:schemaLocation="http://www.loc.gov/METS/ http://www.loc.gov/standards/mets/mets.xsd" ID="P0b002ee193883268" LABEL="U.S. Government Publishing Office Style Manual" OBJID="GPO-STYLEMANUAL-2016">
<metsHdr CREATEDATE="2025-10-02T09:10:42Z" LASTMODDATE="2025-10-02T09:10:42Z">
<agent ROLE="CREATOR" TYPE="ORGANIZATION">
<name>United States Government Publishing Office</name>
</agent>
</metsHdr>
<dmdSec ID="descriptive-metadata-mods-id-new_child1274731840017">
<mdRef ID="id-new_child1274731840017" MIMETYPE="text/xml" XPTR="/mods/relatedItem[@ID='id-new_child1274731840017']" LOCTYPE="URL" xlink:href="file://mods.xml" MDTYPE="MODS"/>
</dmdSec>
<dmdSec ID="descriptive-metadata-mods-id-new_child1274731959879">
<mdRef ID="id-new_child1274731959879" MIMETYPE="text/xml" XPTR="/mods/relatedItem[@ID='id-new_child1274731959879']" LOCTYPE="URL" xlink:href="file://mods.xml" MDTYPE="MODS"/>
</dmdSec>
<dmdSec ID="descriptive-metadata-mods-id-new_child1274731961339">
<mdRef ID="id-new_child1274731961339" MIMETYPE="text/xml" XPTR="/mods/relatedItem[@ID='id-new_child1274731961339']" LOCTYPE="URL" xlink:href="file://mods.xml" MDTYPE="MODS"/>
</dmdSec>
<dmdSec ID="descriptive-metadata-mods-id-new_child1274731963745">
<mdRef ID="id-new_child1274731963745" MIMETYPE="text/xml" XPTR="/mods/relatedItem[@ID='id-new_child1274731963745']" LOCTYPE="URL" xlink:href="file://mods.xml" MDTYPE="MODS"/>
</dmdSec>
<dmdSec ID="descriptive-metadata-mods-id-new_child1274731965633">
<mdRef ID="id-new_child1274731965633" MIMETYPE="text/xml" XPTR="/mods/relatedItem[@ID='id-new_child1274731965633']" LOCTYPE="URL" xlink:href="file://mods.xml" MDTYPE="MODS"/>
</dmdSec>
<dmdSec ID="descriptive-metadata-mods-id-new_child1274731967301">
<mdRef ID="id-new_child1274731967301" MIMETYPE="text/xml" XPTR="/mods/relatedItem[@ID='id-new_child1274731967301']" LOCTYPE="URL" xlink:href="file://mods.xml" MDTYPE="MODS"/>
</dmdSec>
<dmdSec ID="descriptive-metadata-mods-id-new_child1274731969257">
<mdRef ID="id-new_child1274731969257" MIMETYPE="text/xml" XPTR="/mods/relatedItem[@ID='id-new_child1274731969257']" LOCTYPE="URL" xlink:href="file://mods.xml" MDTYPE="MODS"/>
</dmdSec>
<dmdSec ID="descriptive-metadata-mods-id-new_child1274731971169">
<mdRef ID="id-new_child1274731971169" MIMETYPE="text/xml" XPTR="/mods/relatedItem[@ID='id-new_child1274731971169']" LOCTYPE="URL" xlink:href="file://mods.xml" MDTYPE="MODS"/>
</dmdSec>
<dmdSec ID="descriptive-metadata-mods-id-new_child1274731973009">
<mdRef ID="id-new_child1274731973009" MIMETYPE="text/xml" XPTR="/mods/relatedItem[@ID='id-new_child1274731973009']" LOCTYPE="URL" xlink:href="file://mods.xml" MDTYPE="MODS"/>
</dmdSec>
<dmdSec ID="descriptive-metadata-mods-id-new_child1274731974993">
<mdRef ID="id-new_child1274731974993" MIMETYPE="text/xml" XPTR="/mods/relatedItem[@ID='id-new_child1274731974993']" LOCTYPE="URL" xlink:href="file://mods.xml" MDTYPE="MODS"/>
</dmdSec>
<dmdSec ID="descriptive-metadata-mods-id-new_child1274731976980">
<mdRef ID="id-new_child1274731976980" MIMETYPE="text/xml" XPTR="/mods/relatedItem[@ID='id-new_child1274731976980']" LOCTYPE="URL" xlink:href="file://mods.xml" MDTYPE="MODS"/>
</dmdSec>
<dmdSec ID="descriptive-metadata-mods-id-new_child1274731978881">
<mdRef ID="id-new_child1274731978881" MIMETYPE="text/xml" XPTR="/mods/relatedItem[@ID='id-new_child1274731978881']" LOCTYPE="URL" xlink:href="file://mods.xml" MDTYPE="MODS"/>
</dmdSec>
<dmdSec ID="descriptive-metadata-mods-id-new_child1274731980704">
<mdRef ID="id-new_child1274731980704" MIMETYPE="text/xml" XPTR="/mods/relatedItem[@ID='id-new_child1274731980704']" LOCTYPE="URL" xlink:href="file://mods.xml" MDTYPE="MODS"/>
</dmdSec>
<dmdSec ID="descriptive-metadata-mods-id-new_child1274731982649">
<mdRef ID="id-new_child1274731982649" MIMETYPE="text/xml" XPTR="/mods/relatedItem[@ID='id-new_child1274731982649']" LOCTYPE="URL" xlink:href="file://mods.xml" MDTYPE="MODS"/>
</dmdSec>
<dmdSec ID="descriptive-metadata-mods-id-new_child1274731984859">
<mdRef ID="id-new_child1274731984859" MIMETYPE="text/xml" XPTR="/mods/relatedItem[@ID='id-new_child1274731984859']" LOCTYPE="URL" xlink:href="file://mods.xml" MDTYPE="MODS"/>
</dmdSec>
<dmdSec ID="descriptive-metadata-mods-id-new_child1274731986890">
<mdRef ID="id-new_child1274731986890" MIMETYPE="text/xml" XPTR="/mods/relatedItem[@ID='id-new_child1274731986890']" LOCTYPE="URL" xlink:href="file://mods.xml" MDTYPE="MODS"/>
</dmdSec>
<dmdSec ID="descriptive-metadata-mods-id-new_child1274731988955">
<mdRef ID="id-new_child1274731988955" MIMETYPE="text/xml" XPTR="/mods/relatedItem[@ID='id-new_child1274731988955']" LOCTYPE="URL" xlink:href="file://mods.xml" MDTYPE="MODS"/>
</dmdSec>
<dmdSec ID="descriptive-metadata-mods-id-new_child1274731990876">
<mdRef ID="id-new_child1274731990876" MIMETYPE="text/xml" XPTR="/mods/relatedItem[@ID='id-new_child1274731990876']" LOCTYPE="URL" xlink:href="file://mods.xml" MDTYPE="MODS"/>
</dmdSec>
<dmdSec ID="descriptive-metadata-mods-id-new_child1274731992689">
<mdRef ID="id-new_child1274731992689" MIMETYPE="text/xml" XPTR="/mods/relatedItem[@ID='id-new_child1274731992689']" LOCTYPE="URL" xlink:href="file://mods.xml" MDTYPE="MODS"/>
</dmdSec>
<dmdSec ID="descriptive-metadata-mods-id-new_child1274731994834">
<mdRef ID="id-new_child1274731994834" MIMETYPE="text/xml" XPTR="/mods/relatedItem[@ID='id-new_child1274731994834']" LOCTYPE="URL" xlink:href="file://mods.xml" MDTYPE="MODS"/>
</dmdSec>
<dmdSec ID="descriptive-metadata-mods-id-new_child1274731997058">
<mdRef ID="id-new_child1274731997058" MIMETYPE="text/xml" XPTR="/mods/relatedItem[@ID='id-new_child1274731997058']" LOCTYPE="URL" xlink:href="file://mods.xml" MDTYPE="MODS"/>
</dmdSec>
<dmdSec ID="descriptive-metadata-mods-id-new_child1274732001322">
<mdRef ID="id-new_child1274732001322" MIMETYPE="text/xml" XPTR="/mods/relatedItem[@ID='id-new_child1274732001322']" LOCTYPE="URL" xlink:href="file://mods.xml" MDTYPE="MODS"/>
</dmdSec>
<dmdSec ID="descriptive-metadata-mods-id-new_child1274732004474">
<mdRef ID="id-new_child1274732004474" MIMETYPE="text/xml" XPTR="/mods/relatedItem[@ID='id-new_child1274732004474']" LOCTYPE="URL" xlink:href="file://mods.xml" MDTYPE="MODS"/>
</dmdSec>
<amdSec>
<digiprovMD ID="provenance-metadata-premis">
<mdRef MIMETYPE="text/xml" LOCTYPE="URL" xlink:href="file://premis.xml" MDTYPE="PREMIS"/>
</digiprovMD>
</amdSec>
<fileSec><fileGrp USE="application/pdf"><file ID="FID1" MIMETYPE="application/pdf" SIZE="4281539">
<FLocat LOCTYPE="URL" xlink:href="file://pdf/GPO-STYLEMANUAL-2016.pdf"/>
<FLocat LOCTYPE="URL" xlink:href="https://www.govinfo.gov/content/pkg/GPO-STYLEMANUAL-2016/pdf/GPO-STYLEMANUAL-2016.pdf"/>
</file>
<file ID="FID2" MIMETYPE="application/pdf" SIZE="150119" DMDID="id-new_child1274731969257">
<FLocat LOCTYPE="URL" xlink:href="file://pdf/GPO-STYLEMANUAL-2016-7.pdf"/>
<FLocat LOCTYPE="URL" xlink:href="https://www.govinfo.gov/content/pkg/GPO-STYLEMANUAL-2016/pdf/GPO-STYLEMANUAL-2016-7.pdf"/>
</file>
<file ID="FID3" MIMETYPE="application/pdf" SIZE="206127" DMDID="id-new_child1274731978881">
<FLocat LOCTYPE="URL" xlink:href="file://pdf/GPO-STYLEMANUAL-2016-12.pdf"/>
<FLocat LOCTYPE="URL" xlink:href="https://www.govinfo.gov/content/pkg/GPO-STYLEMANUAL-2016/pdf/GPO-STYLEMANUAL-2016-12.pdf"/>
</file>
<file ID="FID4" MIMETYPE="application/pdf" SIZE="118751" DMDID="id-new_child1274731971169">
<FLocat LOCTYPE="URL" xlink:href="file://pdf/GPO-STYLEMANUAL-2016-8.pdf"/>
<FLocat LOCTYPE="URL" xlink:href="https://www.govinfo.gov/content/pkg/GPO-STYLEMANUAL-2016/pdf/GPO-STYLEMANUAL-2016-8.pdf"/>
</file>
<file ID="FID5" MIMETYPE="application/pdf" SIZE="126010" DMDID="id-new_child1274731982649">
<FLocat LOCTYPE="URL" xlink:href="file://pdf/GPO-STYLEMANUAL-2016-14.pdf"/>
<FLocat LOCTYPE="URL" xlink:href="https://www.govinfo.gov/content/pkg/GPO-STYLEMANUAL-2016/pdf/GPO-STYLEMANUAL-2016-14.pdf"/>
</file>
<file ID="FID6" MIMETYPE="application/pdf" SIZE="78552" DMDID="id-new_child1274731986890">
<FLocat LOCTYPE="URL" xlink:href="file://pdf/GPO-STYLEMANUAL-2016-16.pdf"/>
<FLocat LOCTYPE="URL" xlink:href="https://www.govinfo.gov/content/pkg/GPO-STYLEMANUAL-2016/pdf/GPO-STYLEMANUAL-2016-16.pdf"/>
</file>
<file ID="FID7" MIMETYPE="application/pdf" SIZE="268478" DMDID="id-new_child1274731967301">
<FLocat LOCTYPE="URL" xlink:href="file://pdf/GPO-STYLEMANUAL-2016-6.pdf"/>
<FLocat LOCTYPE="URL" xlink:href="https://www.govinfo.gov/content/pkg/GPO-STYLEMANUAL-2016/pdf/GPO-STYLEMANUAL-2016-6.pdf"/>
</file>
<file ID="FID8" MIMETYPE="application/pdf" SIZE="101119" DMDID="id-new_child1274731988955">
<FLocat LOCTYPE="URL" xlink:href="file://pdf/GPO-STYLEMANUAL-2016-17.pdf"/>
<FLocat LOCTYPE="URL" xlink:href="https://www.govinfo.gov/content/pkg/GPO-STYLEMANUAL-2016/pdf/GPO-STYLEMANUAL-2016-17.pdf"/>
</file>
<file ID="FID9" MIMETYPE="application/pdf" SIZE="139358" DMDID="id-new_child1274731965633">
<FLocat LOCTYPE="URL" xlink:href="file://pdf/GPO-STYLEMANUAL-2016-5.pdf"/>
<FLocat LOCTYPE="URL" xlink:href="https://www.govinfo.gov/content/pkg/GPO-STYLEMANUAL-2016/pdf/GPO-STYLEMANUAL-2016-5.pdf"/>
</file>
<file ID="FID10" MIMETYPE="application/pdf" SIZE="176443" DMDID="id-new_child1274731840017">
<FLocat LOCTYPE="URL" xlink:href="file://pdf/GPO-STYLEMANUAL-2016-1.pdf"/>
<FLocat LOCTYPE="URL" xlink:href="https://www.govinfo.gov/content/pkg/GPO-STYLEMANUAL-2016/pdf/GPO-STYLEMANUAL-2016-1.pdf"/>
</file>
<file ID="FID11" MIMETYPE="application/pdf" SIZE="199510" DMDID="id-new_child1274731992689">
<FLocat LOCTYPE="URL" xlink:href="file://pdf/GPO-STYLEMANUAL-2016-19.pdf"/>
<FLocat LOCTYPE="URL" xlink:href="https://www.govinfo.gov/content/pkg/GPO-STYLEMANUAL-2016/pdf/GPO-STYLEMANUAL-2016-19.pdf"/>
</file>
<file ID="FID12" MIMETYPE="application/pdf" SIZE="200568" DMDID="id-new_child1274732004474">
<FLocat LOCTYPE="URL" xlink:href="file://pdf/GPO-STYLEMANUAL-2016-23.pdf"/>
<FLocat LOCTYPE="URL" xlink:href="https://www.govinfo.gov/content/pkg/GPO-STYLEMANUAL-2016/pdf/GPO-STYLEMANUAL-2016-23.pdf"/>
</file>
<file ID="FID13" MIMETYPE="application/pdf" SIZE="615856" DMDID="id-new_child1274731997058">
<FLocat LOCTYPE="URL" xlink:href="file://pdf/GPO-STYLEMANUAL-2016-21.pdf"/>
<FLocat LOCTYPE="URL" xlink:href="https://www.govinfo.gov/content/pkg/GPO-STYLEMANUAL-2016/pdf/GPO-STYLEMANUAL-2016-21.pdf"/>
</file>
<file ID="FID14" MIMETYPE="application/pdf" SIZE="193717" DMDID="id-new_child1274731990876">
<FLocat LOCTYPE="URL" xlink:href="file://pdf/GPO-STYLEMANUAL-2016-18.pdf"/>
<FLocat LOCTYPE="URL" xlink:href="https://www.govinfo.gov/content/pkg/GPO-STYLEMANUAL-2016/pdf/GPO-STYLEMANUAL-2016-18.pdf"/>
</file>
<file ID="FID15" MIMETYPE="application/pdf" SIZE="300398" DMDID="id-new_child1274732001322">
<FLocat LOCTYPE="URL" xlink:href="file://pdf/GPO-STYLEMANUAL-2016-22.pdf"/>
<FLocat LOCTYPE="URL" xlink:href="https://www.govinfo.gov/content/pkg/GPO-STYLEMANUAL-2016/pdf/GPO-STYLEMANUAL-2016-22.pdf"/>
</file>
<file ID="FID16" MIMETYPE="application/pdf" SIZE="192195" DMDID="id-new_child1274731963745">
<FLocat LOCTYPE="URL" xlink:href="file://pdf/GPO-STYLEMANUAL-2016-4.pdf"/>
<FLocat LOCTYPE="URL" xlink:href="https://www.govinfo.gov/content/pkg/GPO-STYLEMANUAL-2016/pdf/GPO-STYLEMANUAL-2016-4.pdf"/>
</file>
<file ID="FID17" MIMETYPE="application/pdf" SIZE="93744" DMDID="id-new_child1274731980704">
<FLocat LOCTYPE="URL" xlink:href="file://pdf/GPO-STYLEMANUAL-2016-13.pdf"/>
<FLocat LOCTYPE="URL" xlink:href="https://www.govinfo.gov/content/pkg/GPO-STYLEMANUAL-2016/pdf/GPO-STYLEMANUAL-2016-13.pdf"/>
</file>
<file ID="FID18" MIMETYPE="application/pdf" SIZE="199484" DMDID="id-new_child1274731974993">
<FLocat LOCTYPE="URL" xlink:href="file://pdf/GPO-STYLEMANUAL-2016-10.pdf"/>
<FLocat LOCTYPE="URL" xlink:href="https://www.govinfo.gov/content/pkg/GPO-STYLEMANUAL-2016/pdf/GPO-STYLEMANUAL-2016-10.pdf"/>
</file>
<file ID="FID19" MIMETYPE="application/pdf" SIZE="433570" DMDID="id-new_child1274731973009">
<FLocat LOCTYPE="URL" xlink:href="file://pdf/GPO-STYLEMANUAL-2016-9.pdf"/>
<FLocat LOCTYPE="URL" xlink:href="https://www.govinfo.gov/content/pkg/GPO-STYLEMANUAL-2016/pdf/GPO-STYLEMANUAL-2016-9.pdf"/>
</file>
<file ID="FID20" MIMETYPE="application/pdf" SIZE="272821" DMDID="id-new_child1274731976980">
<FLocat LOCTYPE="URL" xlink:href="file://pdf/GPO-STYLEMANUAL-2016-11.pdf"/>
<FLocat LOCTYPE="URL" xlink:href="https://www.govinfo.gov/content/pkg/GPO-STYLEMANUAL-2016/pdf/GPO-STYLEMANUAL-2016-11.pdf"/>
</file>
<file ID="FID21" MIMETYPE="application/pdf" SIZE="177212" DMDID="id-new_child1274731994834">
<FLocat LOCTYPE="URL" xlink:href="file://pdf/GPO-STYLEMANUAL-2016-20.pdf"/>
<FLocat LOCTYPE="URL" xlink:href="https://www.govinfo.gov/content/pkg/GPO-STYLEMANUAL-2016/pdf/GPO-STYLEMANUAL-2016-20.pdf"/>
</file>
<file ID="FID22" MIMETYPE="application/pdf" SIZE="48979" DMDID="id-new_child1274731959879">
<FLocat LOCTYPE="URL" xlink:href="file://pdf/GPO-STYLEMANUAL-2016-2.pdf"/>
<FLocat LOCTYPE="URL" xlink:href="https://www.govinfo.gov/content/pkg/GPO-STYLEMANUAL-2016/pdf/GPO-STYLEMANUAL-2016-2.pdf"/>
</file>
<file ID="FID23" MIMETYPE="application/pdf" SIZE="141786" DMDID="id-new_child1274731961339">
<FLocat LOCTYPE="URL" xlink:href="file://pdf/GPO-STYLEMANUAL-2016-3.pdf"/>
<FLocat LOCTYPE="URL" xlink:href="https://www.govinfo.gov/content/pkg/GPO-STYLEMANUAL-2016/pdf/GPO-STYLEMANUAL-2016-3.pdf"/>
</file>
<file ID="FID24" MIMETYPE="application/pdf" SIZE="152155" DMDID="id-new_child1274731984859">
<FLocat LOCTYPE="URL" xlink:href="file://pdf/GPO-STYLEMANUAL-2016-15.pdf"/>
<FLocat LOCTYPE="URL" xlink:href="https://www.govinfo.gov/content/pkg/GPO-STYLEMANUAL-2016/pdf/GPO-STYLEMANUAL-2016-15.pdf"/>
</file></fileGrp><fileGrp USE="image/jpeg"><file ID="FID25" MIMETYPE="image/jpeg" SIZE="8797">
<FLocat LOCTYPE="URL" xlink:href="file://thumbnails/GPO-STYLEMANUAL-2016.jpg"/>
<FLocat LOCTYPE="URL" xlink:href="https://www.govinfo.gov/content/pkg/GPO-STYLEMANUAL-2016//GPO-STYLEMANUAL-2016"/>
</file></fileGrp></fileSec>
<structMap>
<div>
<div ADMID="provenance-metadata-premis">
<fptr FILEID="FID1"/>
</div>
<div DMDID="id-new_child1274731969257" ADMID="provenance-metadata-premis">
<fptr FILEID="FID2"/>
</div>
<div DMDID="id-new_child1274731978881" ADMID="provenance-metadata-premis">
<fptr FILEID="FID3"/>
</div>
<div DMDID="id-new_child1274731971169" ADMID="provenance-metadata-premis">
<fptr FILEID="FID4"/>
</div>
<div DMDID="id-new_child1274731982649" ADMID="provenance-metadata-premis">
<fptr FILEID="FID5"/>
</div>
<div DMDID="id-new_child1274731986890" ADMID="provenance-metadata-premis">
<fptr FILEID="FID6"/>
</div>
<div DMDID="id-new_child1274731967301" ADMID="provenance-metadata-premis">
<fptr FILEID="FID7"/>
</div>
<div DMDID="id-new_child1274731988955" ADMID="provenance-metadata-premis">
<fptr FILEID="FID8"/>
</div>
<div DMDID="id-new_child1274731965633" ADMID="provenance-metadata-premis">
<fptr FILEID="FID9"/>
</div>
<div DMDID="id-new_child1274731840017" ADMID="provenance-metadata-premis">
<fptr FILEID="FID10"/>
</div>
<div DMDID="id-new_child1274731992689" ADMID="provenance-metadata-premis">
<fptr FILEID="FID11"/>
</div>
<div DMDID="id-new_child1274732004474" ADMID="provenance-metadata-premis">
<fptr FILEID="FID12"/>
</div>
<div DMDID="id-new_child1274731997058" ADMID="provenance-metadata-premis">
<fptr FILEID="FID13"/>
</div>
<div DMDID="id-new_child1274731990876" ADMID="provenance-metadata-premis">
<fptr FILEID="FID14"/>
</div>
<div DMDID="id-new_child1274732001322" ADMID="provenance-metadata-premis">
<fptr FILEID="FID15"/>
</div>
<div DMDID="id-new_child1274731963745" ADMID="provenance-metadata-premis">
<fptr FILEID="FID16"/>
</div>
<div DMDID="id-new_child1274731980704" ADMID="provenance-metadata-premis">
<fptr FILEID="FID17"/>
</div>
<div DMDID="id-new_child1274731974993" ADMID="provenance-metadata-premis">
<fptr FILEID="FID18"/>
</div>
<div DMDID="id-new_child1274731973009" ADMID="provenance-metadata-premis">
<fptr FILEID="FID19"/>
</div>
<div DMDID="id-new_child1274731976980" ADMID="provenance-metadata-premis">
<fptr FILEID="FID20"/>
</div>
<div DMDID="id-new_child1274731994834" ADMID="provenance-metadata-premis">
<fptr FILEID="FID21"/>
</div>
<div DMDID="id-new_child1274731959879" ADMID="provenance-metadata-premis">
<fptr FILEID="FID22"/>
</div>
<div DMDID="id-new_child1274731961339" ADMID="provenance-metadata-premis">
<fptr FILEID="FID23"/>
</div>
<div DMDID="id-new_child1274731984859" ADMID="provenance-metadata-premis">
<fptr FILEID="FID24"/>
</div>
<div ADMID="provenance-metadata-premis">
<fptr FILEID="FID25"/>
</div>
</div>
</structMap>
</mets>
