<mods xmlns:xlink="http://www.w3.org/1999/xlink" xmlns:xsi="http://www.w3.org/2001/XMLSchema-instance" xmlns="http://www.loc.gov/mods/v3" version="3.3" xsi:schemaLocation="http://www.loc.gov/mods/v3 http://www.loc.gov/standards/mods/v3/mods-3-3.xsd" ID="P0b002ee193883268">
<name type="corporate">
 <namePart>United States Government Publishing Office</namePart>
 <role>
  <roleTerm authority="marcrelator" type="text">publisher</roleTerm>
  <roleTerm authority="marcrelator" type="code">pbl</roleTerm>
</role>
 <role>
  <roleTerm authority="marcrelator" type="text">distributor</roleTerm>
  <roleTerm authority="marcrelator" type="code">dst</roleTerm>
</role>
</name>
<name type="corporate">
 <namePart>United States</namePart>
 <namePart>U.S. Government Publishing Office</namePart>
 <role>
  <roleTerm authority="marcrelator" type="text">author</roleTerm>
  <roleTerm authority="marcrelator" type="code">aut</roleTerm>
</role>
 <description>Government Organization</description>
</name>
<typeOfResource>text</typeOfResource>
<genre authority="marcgt">government publication</genre>
<language>
 <languageTerm type="code" authority="iso639-2b">eng</languageTerm>
</language>
<extension>
 <collectionCode>GPO</collectionCode>
 <category>Legislative Agency Publications</category>
 <waisDatabaseName>2016_style_manual</waisDatabaseName>
 <branch>legislative</branch>
 <dateIngested>2017-01-31</dateIngested>
</extension>
<originInfo>
 <publisher>U.S. Government Publishing Office</publisher>
 <dateIssued encoding="w3cdtf">2017-01-12</dateIssued>
 <issuance>continuing</issuance>
 <frequency authority="marcfrequency">Completely irregular</frequency>
</originInfo>
<physicalDescription>
 <note type="source content type">Deposited</note>
 <digitalOrigin>born digital</digitalOrigin>
</physicalDescription>
<classification authority="sudocs">GP 1.23/4:ST 9/2016</classification>
<classification authority="lcc">Z253 .U58 2016</classification>
<identifier type="uri">https://www.govinfo.gov/app/details/GPO-STYLEMANUAL-2016</identifier>
<identifier type="local">P0b002ee193883268</identifier>
<identifier type="isbn">9780160936012</identifier>
<identifier type="ILS system id">001092105</identifier>
<recordInfo>
 <recordContentSource authority="marcorg">DGPO</recordContentSource>
 <recordCreationDate encoding="w3cdtf">2017-01-31</recordCreationDate>
 <recordChangeDate encoding="w3cdtf">2019-03-28</recordChangeDate>
 <recordIdentifier source="DGPO">GPO-STYLEMANUAL-2016</recordIdentifier>
 <recordOrigin>machine generated</recordOrigin>
 <languageOfCataloging>
  <languageTerm type="code" authority="iso639-2b">eng</languageTerm>
</languageOfCataloging>
</recordInfo>
<accessCondition type="GPO scope determination">fdlp</accessCondition>
<extension>
 <docClass>GPO</docClass>
 <accessId>GPO-STYLEMANUAL-2016</accessId>
 <ACCode>GPO</ACCode>
 <fedPubName>U.S. Government Publishing Office Style Manual</fedPubName>
 <isCurrentEdition>true</isCurrentEdition>
 <editionId>GPO-STYLEMANUAL</editionId>
 <description>By act of Congress the Director of the U.S. Government Publishing Office is authorized to determine the form and style of Government printing. The Style Manual is the product of many years of public printing experience, and its rules are based on principles of good usage and custom in the printing trade. Essentially, the Style Manual is a standardization device designed to achieve uniform word and type treatment, and aiming for economy of word use. The Style Manual has served Federal printers since 1894, and with each new edition, the traditions of printing and graphic arts are carried forward into new technologies.</description>
 <image>thumbnails/GPO-STYLEMANUAL-2016.jpg</image>
 <genericNav1Value>2016</genericNav1Value>
 <ggrank1>GPO Style Manual</ggrank1>
</extension>
<titleInfo>
 <title>U.S. Government Publishing Office Style Manual</title>
</titleInfo>
<location>
 <url displayLabel="Content Detail" access="object in context">https://www.govinfo.gov/app/details/GPO-STYLEMANUAL-2016</url>
 <url access="raw object" displayLabel="PDF rendition">https://www.govinfo.gov/content/pkg/GPO-STYLEMANUAL-2016/pdf/GPO-STYLEMANUAL-2016.pdf</url>
 <url access="raw object" displayLabel="JPEG rendition">https://www.govinfo.gov/content/pkg/GPO-STYLEMANUAL-2016/thumbnails/GPO-STYLEMANUAL-2016.jpg</url>
</location>
<abstract>By act of Congress the Director of the U.S. Government Publishing Office is authorized to determine the form and style of Government printing. The Style Manual is the product of many years of public printing experience, and its rules are based on principles of good usage and custom in the printing trade. Essentially, the Style Manual is a standardization device designed to achieve uniform word and type treatment, and aiming for economy of word use. The Style Manual has served Federal printers since 1894, and with each new edition, the traditions of printing and graphic arts are carried forward into new technologies.</abstract>
<extension>
 <searchTitle>U.S. Government Publishing Office Style Manual;
            </searchTitle>
</extension>
<relatedItem type="constituent" ID="id-new_child1274731840017" xlink:href="https://www.govinfo.gov/metadata/granule/GPO-STYLEMANUAL-2016/GPO-STYLEMANUAL-2016-1/mods.xml">
 <titleInfo>
  <title>Title Page, Style Board, Extract from Title 44, U.S.C., About This Manual, GPO&apos;s Online Initiatives</title>
</titleInfo>
 <relatedItem type="otherFormat" xlink:href="https://www.govinfo.gov/content/pkg/GPO-STYLEMANUAL-2016/pdf/GPO-STYLEMANUAL-2016-1.pdf">
  <identifier type="FDsys Unique ID">D09002ee1a025de77</identifier>
</relatedItem>
 <identifier type="uri">https://www.govinfo.gov/app/details/GPO-STYLEMANUAL-2016/GPO-STYLEMANUAL-2016-1</identifier>
 <identifier type="former granule identifier">f:chappre.wais</identifier>
 <location>
  <url displayLabel="Content Detail" access="object in context">https://www.govinfo.gov/app/details/GPO-STYLEMANUAL-2016/GPO-STYLEMANUAL-2016-1</url>
  <url access="raw object" displayLabel="PDF rendition">https://www.govinfo.gov/content/pkg/GPO-STYLEMANUAL-2016/pdf/GPO-STYLEMANUAL-2016-1.pdf</url>
</location>
 <subject>
  <hierarchicalGeographic>
   <country>United States of America</country>
   <state></state>
</hierarchicalGeographic>
</subject>
 <extension>
  <searchTitle>U.S. Government Publishing Office Style Manual;
              Title Page, Style Board, Extract from Title 44, U.S.C., About This Manual, GPO&apos;s Online Initiatives;
              </searchTitle>
  <granuleClass>CONTENT</granuleClass>
  <accessId>GPO-STYLEMANUAL-2016-1</accessId>
  <sequenceNumber>1</sequenceNumber>
  <printPageRange first="i" last="xii"></printPageRange>
</extension>
</relatedItem>
<relatedItem type="constituent" ID="id-new_child1274731959879" xlink:href="https://www.govinfo.gov/metadata/granule/GPO-STYLEMANUAL-2016/GPO-STYLEMANUAL-2016-2/mods.xml">
 <titleInfo>
  <title>Contents</title>
</titleInfo>
 <relatedItem type="otherFormat" xlink:href="https://www.govinfo.gov/content/pkg/GPO-STYLEMANUAL-2016/pdf/GPO-STYLEMANUAL-2016-2.pdf">
  <identifier type="FDsys Unique ID">D09002ee1a025dde3</identifier>
</relatedItem>
 <identifier type="uri">https://www.govinfo.gov/app/details/GPO-STYLEMANUAL-2016/GPO-STYLEMANUAL-2016-2</identifier>
 <identifier type="former granule identifier">f:chaptoc.wais</identifier>
 <location>
  <url displayLabel="Content Detail" access="object in context">https://www.govinfo.gov/app/details/GPO-STYLEMANUAL-2016/GPO-STYLEMANUAL-2016-2</url>
  <url access="raw object" displayLabel="PDF rendition">https://www.govinfo.gov/content/pkg/GPO-STYLEMANUAL-2016/pdf/GPO-STYLEMANUAL-2016-2.pdf</url>
</location>
 <subject>
  <hierarchicalGeographic>
   <country>United States of America</country>
   <state></state>
</hierarchicalGeographic>
</subject>
 <extension>
  <searchTitle>U.S. Government Publishing Office Style Manual;
              Contents;
              </searchTitle>
  <granuleClass>CONTENT</granuleClass>
  <accessId>GPO-STYLEMANUAL-2016-2</accessId>
  <sequenceNumber>2</sequenceNumber>
  <printPageRange first="xiii" last="xiii"></printPageRange>
</extension>
</relatedItem>
<relatedItem type="constituent" ID="id-new_child1274731961339" xlink:href="https://www.govinfo.gov/metadata/granule/GPO-STYLEMANUAL-2016/GPO-STYLEMANUAL-2016-3/mods.xml">
 <titleInfo>
  <title>Chapter 1 - Advice to Authors and Editors</title>
</titleInfo>
 <relatedItem type="otherFormat" xlink:href="https://www.govinfo.gov/content/pkg/GPO-STYLEMANUAL-2016/pdf/GPO-STYLEMANUAL-2016-3.pdf">
  <identifier type="FDsys Unique ID">D09002ee1a025dde4</identifier>
</relatedItem>
 <identifier type="uri">https://www.govinfo.gov/app/details/GPO-STYLEMANUAL-2016/GPO-STYLEMANUAL-2016-3</identifier>
 <identifier type="former granule identifier">f:chapter1.wais</identifier>
 <location>
  <url displayLabel="Content Detail" access="object in context">https://www.govinfo.gov/app/details/GPO-STYLEMANUAL-2016/GPO-STYLEMANUAL-2016-3</url>
  <url access="raw object" displayLabel="PDF rendition">https://www.govinfo.gov/content/pkg/GPO-STYLEMANUAL-2016/pdf/GPO-STYLEMANUAL-2016-3.pdf</url>
</location>
 <subject>
  <hierarchicalGeographic>
   <country>United States of America</country>
   <state></state>
</hierarchicalGeographic>
</subject>
 <extension>
  <searchTitle>U.S. Government Publishing Office Style Manual;
              Chapter 1 - Advice to Authors and Editors;
              </searchTitle>
  <granuleClass>CONTENT</granuleClass>
  <accessId>GPO-STYLEMANUAL-2016-3</accessId>
  <sequenceNumber>3</sequenceNumber>
  <printPageRange first="1" last="5"></printPageRange>
</extension>
</relatedItem>
<relatedItem type="constituent" ID="id-new_child1274731963745" xlink:href="https://www.govinfo.gov/metadata/granule/GPO-STYLEMANUAL-2016/GPO-STYLEMANUAL-2016-4/mods.xml">
 <titleInfo>
  <title>Chapter 2 - General Instructions</title>
</titleInfo>
 <relatedItem type="otherFormat" xlink:href="https://www.govinfo.gov/content/pkg/GPO-STYLEMANUAL-2016/pdf/GPO-STYLEMANUAL-2016-4.pdf">
  <identifier type="FDsys Unique ID">D09002ee1a025de81</identifier>
</relatedItem>
 <identifier type="uri">https://www.govinfo.gov/app/details/GPO-STYLEMANUAL-2016/GPO-STYLEMANUAL-2016-4</identifier>
 <identifier type="former granule identifier">f:chapter2.wais</identifier>
 <location>
  <url displayLabel="Content Detail" access="object in context">https://www.govinfo.gov/app/details/GPO-STYLEMANUAL-2016/GPO-STYLEMANUAL-2016-4</url>
  <url access="raw object" displayLabel="PDF rendition">https://www.govinfo.gov/content/pkg/GPO-STYLEMANUAL-2016/pdf/GPO-STYLEMANUAL-2016-4.pdf</url>
</location>
 <subject>
  <hierarchicalGeographic>
   <country>United States of America</country>
   <state></state>
</hierarchicalGeographic>
</subject>
 <extension>
  <searchTitle>U.S. Government Publishing Office Style Manual;
              Chapter 2 - General Instructions;
              </searchTitle>
  <granuleClass>CONTENT</granuleClass>
  <accessId>GPO-STYLEMANUAL-2016-4</accessId>
  <sequenceNumber>4</sequenceNumber>
  <printPageRange first="7" last="26"></printPageRange>
</extension>
</relatedItem>
<relatedItem type="constituent" ID="id-new_child1274731965633" xlink:href="https://www.govinfo.gov/metadata/granule/GPO-STYLEMANUAL-2016/GPO-STYLEMANUAL-2016-5/mods.xml">
 <titleInfo>
  <title>Chapter 3 - Capitalization Rules</title>
</titleInfo>
 <relatedItem type="otherFormat" xlink:href="https://www.govinfo.gov/content/pkg/GPO-STYLEMANUAL-2016/pdf/GPO-STYLEMANUAL-2016-5.pdf">
  <identifier type="FDsys Unique ID">D09002ee1a025de80</identifier>
</relatedItem>
 <identifier type="uri">https://www.govinfo.gov/app/details/GPO-STYLEMANUAL-2016/GPO-STYLEMANUAL-2016-5</identifier>
 <identifier type="former granule identifier">f:chapter.3wais</identifier>
 <location>
  <url displayLabel="Content Detail" access="object in context">https://www.govinfo.gov/app/details/GPO-STYLEMANUAL-2016/GPO-STYLEMANUAL-2016-5</url>
  <url access="raw object" displayLabel="PDF rendition">https://www.govinfo.gov/content/pkg/GPO-STYLEMANUAL-2016/pdf/GPO-STYLEMANUAL-2016-5.pdf</url>
</location>
 <subject>
  <hierarchicalGeographic>
   <country>United States of America</country>
   <state></state>
</hierarchicalGeographic>
</subject>
 <extension>
  <searchTitle>U.S. Government Publishing Office Style Manual;
              Chapter 3 - Capitalization Rules;
              </searchTitle>
  <granuleClass>CONTENT</granuleClass>
  <accessId>GPO-STYLEMANUAL-2016-5</accessId>
  <sequenceNumber>5</sequenceNumber>
  <printPageRange first="27" last="43"></printPageRange>
</extension>
</relatedItem>
<relatedItem type="constituent" ID="id-new_child1274731967301" xlink:href="https://www.govinfo.gov/metadata/granule/GPO-STYLEMANUAL-2016/GPO-STYLEMANUAL-2016-6/mods.xml">
 <titleInfo>
  <title>Chapter 4 - Capitalization Examples</title>
</titleInfo>
 <relatedItem type="otherFormat" xlink:href="https://www.govinfo.gov/content/pkg/GPO-STYLEMANUAL-2016/pdf/GPO-STYLEMANUAL-2016-6.pdf">
  <identifier type="FDsys Unique ID">D09002ee1a025de74</identifier>
</relatedItem>
 <identifier type="uri">https://www.govinfo.gov/app/details/GPO-STYLEMANUAL-2016/GPO-STYLEMANUAL-2016-6</identifier>
 <identifier type="former granule identifier">f:chapter4.wais</identifier>
 <location>
  <url displayLabel="Content Detail" access="object in context">https://www.govinfo.gov/app/details/GPO-STYLEMANUAL-2016/GPO-STYLEMANUAL-2016-6</url>
  <url access="raw object" displayLabel="PDF rendition">https://www.govinfo.gov/content/pkg/GPO-STYLEMANUAL-2016/pdf/GPO-STYLEMANUAL-2016-6.pdf</url>
</location>
 <subject>
  <hierarchicalGeographic>
   <country>United States of America</country>
   <state></state>
</hierarchicalGeographic>
</subject>
 <extension>
  <searchTitle>U.S. Government Publishing Office Style Manual;
              Chapter 4 - Capitalization Examples;
              </searchTitle>
  <granuleClass>CONTENT</granuleClass>
  <accessId>GPO-STYLEMANUAL-2016-6</accessId>
  <sequenceNumber>6</sequenceNumber>
  <printPageRange first="45" last="80"></printPageRange>
</extension>
</relatedItem>
<relatedItem type="constituent" ID="id-new_child1274731969257" xlink:href="https://www.govinfo.gov/metadata/granule/GPO-STYLEMANUAL-2016/GPO-STYLEMANUAL-2016-7/mods.xml">
 <titleInfo>
  <title>Chapter 5 - Spelling</title>
</titleInfo>
 <relatedItem type="otherFormat" xlink:href="https://www.govinfo.gov/content/pkg/GPO-STYLEMANUAL-2016/pdf/GPO-STYLEMANUAL-2016-7.pdf">
  <identifier type="FDsys Unique ID">D09002ee1a025dde0</identifier>
</relatedItem>
 <identifier type="uri">https://www.govinfo.gov/app/details/GPO-STYLEMANUAL-2016/GPO-STYLEMANUAL-2016-7</identifier>
 <identifier type="former granule identifier">f:chapter5.wais</identifier>
 <location>
  <url displayLabel="Content Detail" access="object in context">https://www.govinfo.gov/app/details/GPO-STYLEMANUAL-2016/GPO-STYLEMANUAL-2016-7</url>
  <url access="raw object" displayLabel="PDF rendition">https://www.govinfo.gov/content/pkg/GPO-STYLEMANUAL-2016/pdf/GPO-STYLEMANUAL-2016-7.pdf</url>
</location>
 <subject>
  <hierarchicalGeographic>
   <country>United States of America</country>
   <state></state>
</hierarchicalGeographic>
</subject>
 <extension>
  <searchTitle>U.S. Government Publishing Office Style Manual;
              Chapter 5 - Spelling;
              </searchTitle>
  <granuleClass>CONTENT</granuleClass>
  <accessId>GPO-STYLEMANUAL-2016-7</accessId>
  <sequenceNumber>7</sequenceNumber>
  <printPageRange first="81" last="96"></printPageRange>
</extension>
</relatedItem>
<relatedItem type="constituent" ID="id-new_child1274731971169" xlink:href="https://www.govinfo.gov/metadata/granule/GPO-STYLEMANUAL-2016/GPO-STYLEMANUAL-2016-8/mods.xml">
 <titleInfo>
  <title>Chapter 6 - Compounding Rules</title>
</titleInfo>
 <relatedItem type="otherFormat" xlink:href="https://www.govinfo.gov/content/pkg/GPO-STYLEMANUAL-2016/pdf/GPO-STYLEMANUAL-2016-8.pdf">
  <identifier type="FDsys Unique ID">D09002ee1a025dde7</identifier>
</relatedItem>
 <identifier type="uri">https://www.govinfo.gov/app/details/GPO-STYLEMANUAL-2016/GPO-STYLEMANUAL-2016-8</identifier>
 <identifier type="former granule identifier">f:chapter6.wais</identifier>
 <location>
  <url displayLabel="Content Detail" access="object in context">https://www.govinfo.gov/app/details/GPO-STYLEMANUAL-2016/GPO-STYLEMANUAL-2016-8</url>
  <url access="raw object" displayLabel="PDF rendition">https://www.govinfo.gov/content/pkg/GPO-STYLEMANUAL-2016/pdf/GPO-STYLEMANUAL-2016-8.pdf</url>
</location>
 <subject>
  <hierarchicalGeographic>
   <country>United States of America</country>
   <state></state>
</hierarchicalGeographic>
</subject>
 <extension>
  <searchTitle>U.S. Government Publishing Office Style Manual;
              Chapter 6 - Compounding Rules;
              </searchTitle>
  <granuleClass>CONTENT</granuleClass>
  <accessId>GPO-STYLEMANUAL-2016-8</accessId>
  <sequenceNumber>8</sequenceNumber>
  <printPageRange first="97" last="109"></printPageRange>
</extension>
</relatedItem>
<relatedItem type="constituent" ID="id-new_child1274731973009" xlink:href="https://www.govinfo.gov/metadata/granule/GPO-STYLEMANUAL-2016/GPO-STYLEMANUAL-2016-9/mods.xml">
 <titleInfo>
  <title>Chapter 7 - Compounding Examples</title>
</titleInfo>
 <relatedItem type="otherFormat" xlink:href="https://www.govinfo.gov/content/pkg/GPO-STYLEMANUAL-2016/pdf/GPO-STYLEMANUAL-2016-9.pdf">
  <identifier type="FDsys Unique ID">D09002ee1a025de73</identifier>
</relatedItem>
 <identifier type="uri">https://www.govinfo.gov/app/details/GPO-STYLEMANUAL-2016/GPO-STYLEMANUAL-2016-9</identifier>
 <identifier type="former granule identifier">f:chapter7.wais</identifier>
 <location>
  <url displayLabel="Content Detail" access="object in context">https://www.govinfo.gov/app/details/GPO-STYLEMANUAL-2016/GPO-STYLEMANUAL-2016-9</url>
  <url access="raw object" displayLabel="PDF rendition">https://www.govinfo.gov/content/pkg/GPO-STYLEMANUAL-2016/pdf/GPO-STYLEMANUAL-2016-9.pdf</url>
</location>
 <subject>
  <hierarchicalGeographic>
   <country>United States of America</country>
   <state></state>
</hierarchicalGeographic>
</subject>
 <extension>
  <searchTitle>U.S. Government Publishing Office Style Manual;
              Chapter 7 - Compounding Examples;
              </searchTitle>
  <granuleClass>CONTENT</granuleClass>
  <accessId>GPO-STYLEMANUAL-2016-9</accessId>
  <sequenceNumber>9</sequenceNumber>
  <printPageRange first="111" last="192"></printPageRange>
</extension>
</relatedItem>
<relatedItem type="constituent" ID="id-new_child1274731974993" xlink:href="https://www.govinfo.gov/metadata/granule/GPO-STYLEMANUAL-2016/GPO-STYLEMANUAL-2016-10/mods.xml">
 <titleInfo>
  <title>Chapter 8 - Punctuation</title>
</titleInfo>
 <relatedItem type="otherFormat" xlink:href="https://www.govinfo.gov/content/pkg/GPO-STYLEMANUAL-2016/pdf/GPO-STYLEMANUAL-2016-10.pdf">
  <identifier type="FDsys Unique ID">D09002ee1a025de7a</identifier>
</relatedItem>
 <identifier type="uri">https://www.govinfo.gov/app/details/GPO-STYLEMANUAL-2016/GPO-STYLEMANUAL-2016-10</identifier>
 <identifier type="former granule identifier">f:chapter8.wais</identifier>
 <location>
  <url displayLabel="Content Detail" access="object in context">https://www.govinfo.gov/app/details/GPO-STYLEMANUAL-2016/GPO-STYLEMANUAL-2016-10</url>
  <url access="raw object" displayLabel="PDF rendition">https://www.govinfo.gov/content/pkg/GPO-STYLEMANUAL-2016/pdf/GPO-STYLEMANUAL-2016-10.pdf</url>
</location>
 <subject>
  <hierarchicalGeographic>
   <country>United States of America</country>
   <state></state>
</hierarchicalGeographic>
</subject>
 <extension>
  <searchTitle>U.S. Government Publishing Office Style Manual;
              Chapter 8 - Punctuation;
              </searchTitle>
  <granuleClass>CONTENT</granuleClass>
  <accessId>GPO-STYLEMANUAL-2016-10</accessId>
  <sequenceNumber>10</sequenceNumber>
  <printPageRange first="193" last="220"></printPageRange>
</extension>
</relatedItem>
<relatedItem type="constituent" ID="id-new_child1274731976980" xlink:href="https://www.govinfo.gov/metadata/granule/GPO-STYLEMANUAL-2016/GPO-STYLEMANUAL-2016-11/mods.xml">
 <titleInfo>
  <title>Chapter 9 - Abbreviations and Letter Symbols</title>
</titleInfo>
 <relatedItem type="otherFormat" xlink:href="https://www.govinfo.gov/content/pkg/GPO-STYLEMANUAL-2016/pdf/GPO-STYLEMANUAL-2016-11.pdf">
  <identifier type="FDsys Unique ID">D09002ee1a025de75</identifier>
</relatedItem>
 <identifier type="uri">https://www.govinfo.gov/app/details/GPO-STYLEMANUAL-2016/GPO-STYLEMANUAL-2016-11</identifier>
 <identifier type="former granule identifier">f:chapter9.wais</identifier>
 <location>
  <url displayLabel="Content Detail" access="object in context">https://www.govinfo.gov/app/details/GPO-STYLEMANUAL-2016/GPO-STYLEMANUAL-2016-11</url>
  <url access="raw object" displayLabel="PDF rendition">https://www.govinfo.gov/content/pkg/GPO-STYLEMANUAL-2016/pdf/GPO-STYLEMANUAL-2016-11.pdf</url>
</location>
 <subject>
  <hierarchicalGeographic>
   <country>United States of America</country>
   <state></state>
</hierarchicalGeographic>
</subject>
 <extension>
  <searchTitle>U.S. Government Publishing Office Style Manual;
              Chapter 9 - Abbreviations and Letter Symbols;
              </searchTitle>
  <granuleClass>CONTENT</granuleClass>
  <accessId>GPO-STYLEMANUAL-2016-11</accessId>
  <sequenceNumber>11</sequenceNumber>
  <printPageRange first="221" last="261"></printPageRange>
</extension>
</relatedItem>
<relatedItem type="constituent" ID="id-new_child1274731978881" xlink:href="https://www.govinfo.gov/metadata/granule/GPO-STYLEMANUAL-2016/GPO-STYLEMANUAL-2016-12/mods.xml">
 <titleInfo>
  <title>Chapter 10 - Signs and Symbols</title>
</titleInfo>
 <relatedItem type="otherFormat" xlink:href="https://www.govinfo.gov/content/pkg/GPO-STYLEMANUAL-2016/pdf/GPO-STYLEMANUAL-2016-12.pdf">
  <identifier type="FDsys Unique ID">D09002ee1a025dde1</identifier>
</relatedItem>
 <identifier type="uri">https://www.govinfo.gov/app/details/GPO-STYLEMANUAL-2016/GPO-STYLEMANUAL-2016-12</identifier>
 <identifier type="former granule identifier">f:chapter10.wais</identifier>
 <location>
  <url displayLabel="Content Detail" access="object in context">https://www.govinfo.gov/app/details/GPO-STYLEMANUAL-2016/GPO-STYLEMANUAL-2016-12</url>
  <url access="raw object" displayLabel="PDF rendition">https://www.govinfo.gov/content/pkg/GPO-STYLEMANUAL-2016/pdf/GPO-STYLEMANUAL-2016-12.pdf</url>
</location>
 <subject>
  <hierarchicalGeographic>
   <country>United States of America</country>
   <state></state>
</hierarchicalGeographic>
</subject>
 <extension>
  <searchTitle>U.S. Government Publishing Office Style Manual;
              Chapter 10 - Signs and Symbols;
              </searchTitle>
  <granuleClass>CONTENT</granuleClass>
  <accessId>GPO-STYLEMANUAL-2016-12</accessId>
  <sequenceNumber>12</sequenceNumber>
  <printPageRange first="263" last="268"></printPageRange>
</extension>
</relatedItem>
<relatedItem type="constituent" ID="id-new_child1274731980704" xlink:href="https://www.govinfo.gov/metadata/granule/GPO-STYLEMANUAL-2016/GPO-STYLEMANUAL-2016-13/mods.xml">
 <titleInfo>
  <title>Chapter 11 - Italic</title>
</titleInfo>
 <relatedItem type="otherFormat" xlink:href="https://www.govinfo.gov/content/pkg/GPO-STYLEMANUAL-2016/pdf/GPO-STYLEMANUAL-2016-13.pdf">
  <identifier type="FDsys Unique ID">D09002ee1a025de83</identifier>
</relatedItem>
 <identifier type="uri">https://www.govinfo.gov/app/details/GPO-STYLEMANUAL-2016/GPO-STYLEMANUAL-2016-13</identifier>
 <identifier type="former granule identifier">f:chapter11.wais</identifier>
 <location>
  <url displayLabel="Content Detail" access="object in context">https://www.govinfo.gov/app/details/GPO-STYLEMANUAL-2016/GPO-STYLEMANUAL-2016-13</url>
  <url access="raw object" displayLabel="PDF rendition">https://www.govinfo.gov/content/pkg/GPO-STYLEMANUAL-2016/pdf/GPO-STYLEMANUAL-2016-13.pdf</url>
</location>
 <subject>
  <hierarchicalGeographic>
   <country>United States of America</country>
   <state></state>
</hierarchicalGeographic>
</subject>
 <extension>
  <searchTitle>U.S. Government Publishing Office Style Manual;
              Chapter 11 - Italic;
              </searchTitle>
  <granuleClass>CONTENT</granuleClass>
  <accessId>GPO-STYLEMANUAL-2016-13</accessId>
  <sequenceNumber>13</sequenceNumber>
  <printPageRange first="269" last="272"></printPageRange>
</extension>
</relatedItem>
<relatedItem type="constituent" ID="id-new_child1274731982649" xlink:href="https://www.govinfo.gov/metadata/granule/GPO-STYLEMANUAL-2016/GPO-STYLEMANUAL-2016-14/mods.xml">
 <titleInfo>
  <title>Chapter 12 - Numerals</title>
</titleInfo>
 <relatedItem type="otherFormat" xlink:href="https://www.govinfo.gov/content/pkg/GPO-STYLEMANUAL-2016/pdf/GPO-STYLEMANUAL-2016-14.pdf">
  <identifier type="FDsys Unique ID">D09002ee1a025de82</identifier>
</relatedItem>
 <identifier type="uri">https://www.govinfo.gov/app/details/GPO-STYLEMANUAL-2016/GPO-STYLEMANUAL-2016-14</identifier>
 <identifier type="former granule identifier">f:chapter12.wais</identifier>
 <location>
  <url displayLabel="Content Detail" access="object in context">https://www.govinfo.gov/app/details/GPO-STYLEMANUAL-2016/GPO-STYLEMANUAL-2016-14</url>
  <url access="raw object" displayLabel="PDF rendition">https://www.govinfo.gov/content/pkg/GPO-STYLEMANUAL-2016/pdf/GPO-STYLEMANUAL-2016-14.pdf</url>
</location>
 <subject>
  <hierarchicalGeographic>
   <country>United States of America</country>
   <state></state>
</hierarchicalGeographic>
</subject>
 <extension>
  <searchTitle>U.S. Government Publishing Office Style Manual;
              Chapter 12 - Numerals;
              </searchTitle>
  <granuleClass>CONTENT</granuleClass>
  <accessId>GPO-STYLEMANUAL-2016-14</accessId>
  <sequenceNumber>14</sequenceNumber>
  <printPageRange first="273" last="284"></printPageRange>
</extension>
</relatedItem>
<relatedItem type="constituent" ID="id-new_child1274731984859" xlink:href="https://www.govinfo.gov/metadata/granule/GPO-STYLEMANUAL-2016/GPO-STYLEMANUAL-2016-15/mods.xml">
 <titleInfo>
  <title>Chapter 13 - Tabular Work</title>
</titleInfo>
 <relatedItem type="otherFormat" xlink:href="https://www.govinfo.gov/content/pkg/GPO-STYLEMANUAL-2016/pdf/GPO-STYLEMANUAL-2016-15.pdf">
  <identifier type="FDsys Unique ID">D09002ee1a025dde6</identifier>
</relatedItem>
 <identifier type="uri">https://www.govinfo.gov/app/details/GPO-STYLEMANUAL-2016/GPO-STYLEMANUAL-2016-15</identifier>
 <identifier type="former granule identifier">f:chapter13.wais</identifier>
 <location>
  <url displayLabel="Content Detail" access="object in context">https://www.govinfo.gov/app/details/GPO-STYLEMANUAL-2016/GPO-STYLEMANUAL-2016-15</url>
  <url access="raw object" displayLabel="PDF rendition">https://www.govinfo.gov/content/pkg/GPO-STYLEMANUAL-2016/pdf/GPO-STYLEMANUAL-2016-15.pdf</url>
</location>
 <subject>
  <hierarchicalGeographic>
   <country>United States of America</country>
   <state></state>
</hierarchicalGeographic>
</subject>
 <extension>
  <searchTitle>U.S. Government Publishing Office Style Manual;
              Chapter 13 - Tabular Work;
              </searchTitle>
  <granuleClass>CONTENT</granuleClass>
  <accessId>GPO-STYLEMANUAL-2016-15</accessId>
  <sequenceNumber>15</sequenceNumber>
  <printPageRange first="285" last="302"></printPageRange>
</extension>
</relatedItem>
<relatedItem type="constituent" ID="id-new_child1274731986890" xlink:href="https://www.govinfo.gov/metadata/granule/GPO-STYLEMANUAL-2016/GPO-STYLEMANUAL-2016-16/mods.xml">
 <titleInfo>
  <title>Chapter 14 - Leaderwork</title>
</titleInfo>
 <relatedItem type="otherFormat" xlink:href="https://www.govinfo.gov/content/pkg/GPO-STYLEMANUAL-2016/pdf/GPO-STYLEMANUAL-2016-16.pdf">
  <identifier type="FDsys Unique ID">D09002ee1a025de72</identifier>
</relatedItem>
 <identifier type="uri">https://www.govinfo.gov/app/details/GPO-STYLEMANUAL-2016/GPO-STYLEMANUAL-2016-16</identifier>
 <identifier type="former granule identifier">f:chapter14.wais</identifier>
 <location>
  <url displayLabel="Content Detail" access="object in context">https://www.govinfo.gov/app/details/GPO-STYLEMANUAL-2016/GPO-STYLEMANUAL-2016-16</url>
  <url access="raw object" displayLabel="PDF rendition">https://www.govinfo.gov/content/pkg/GPO-STYLEMANUAL-2016/pdf/GPO-STYLEMANUAL-2016-16.pdf</url>
</location>
 <subject>
  <hierarchicalGeographic>
   <country>United States of America</country>
   <state></state>
</hierarchicalGeographic>
</subject>
 <extension>
  <searchTitle>U.S. Government Publishing Office Style Manual;
              Chapter 14 - Leaderwork;
              </searchTitle>
  <granuleClass>CONTENT</granuleClass>
  <accessId>GPO-STYLEMANUAL-2016-16</accessId>
  <sequenceNumber>16</sequenceNumber>
  <printPageRange first="303" last="306"></printPageRange>
</extension>
</relatedItem>
<relatedItem type="constituent" ID="id-new_child1274731988955" xlink:href="https://www.govinfo.gov/metadata/granule/GPO-STYLEMANUAL-2016/GPO-STYLEMANUAL-2016-17/mods.xml">
 <titleInfo>
  <title>Chapter 15 - Footnotes, Indexes, Contents, and Outlines</title>
</titleInfo>
 <relatedItem type="otherFormat" xlink:href="https://www.govinfo.gov/content/pkg/GPO-STYLEMANUAL-2016/pdf/GPO-STYLEMANUAL-2016-17.pdf">
  <identifier type="FDsys Unique ID">D09002ee1a025de7b</identifier>
</relatedItem>
 <identifier type="uri">https://www.govinfo.gov/app/details/GPO-STYLEMANUAL-2016/GPO-STYLEMANUAL-2016-17</identifier>
 <identifier type="former granule identifier">f:chapter15.wais</identifier>
 <location>
  <url displayLabel="Content Detail" access="object in context">https://www.govinfo.gov/app/details/GPO-STYLEMANUAL-2016/GPO-STYLEMANUAL-2016-17</url>
  <url access="raw object" displayLabel="PDF rendition">https://www.govinfo.gov/content/pkg/GPO-STYLEMANUAL-2016/pdf/GPO-STYLEMANUAL-2016-17.pdf</url>
</location>
 <subject>
  <hierarchicalGeographic>
   <country>United States of America</country>
   <state></state>
</hierarchicalGeographic>
</subject>
 <extension>
  <searchTitle>U.S. Government Publishing Office Style Manual;
              Chapter 15 - Footnotes, Indexes, Contents, and Outlines;
              </searchTitle>
  <granuleClass>CONTENT</granuleClass>
  <accessId>GPO-STYLEMANUAL-2016-17</accessId>
  <sequenceNumber>17</sequenceNumber>
  <printPageRange first="307" last="312"></printPageRange>
</extension>
</relatedItem>
<relatedItem type="constituent" ID="id-new_child1274731990876" xlink:href="https://www.govinfo.gov/metadata/granule/GPO-STYLEMANUAL-2016/GPO-STYLEMANUAL-2016-18/mods.xml">
 <titleInfo>
  <title>Chapter 16 - Datelines, Addresses, and Signatures</title>
</titleInfo>
 <relatedItem type="otherFormat" xlink:href="https://www.govinfo.gov/content/pkg/GPO-STYLEMANUAL-2016/pdf/GPO-STYLEMANUAL-2016-18.pdf">
  <identifier type="FDsys Unique ID">D09002ee1a025de7f</identifier>
</relatedItem>
 <identifier type="uri">https://www.govinfo.gov/app/details/GPO-STYLEMANUAL-2016/GPO-STYLEMANUAL-2016-18</identifier>
 <identifier type="former granule identifier">f:chapter16.wais</identifier>
 <location>
  <url displayLabel="Content Detail" access="object in context">https://www.govinfo.gov/app/details/GPO-STYLEMANUAL-2016/GPO-STYLEMANUAL-2016-18</url>
  <url access="raw object" displayLabel="PDF rendition">https://www.govinfo.gov/content/pkg/GPO-STYLEMANUAL-2016/pdf/GPO-STYLEMANUAL-2016-18.pdf</url>
</location>
 <subject>
  <hierarchicalGeographic>
   <country>United States of America</country>
   <state></state>
</hierarchicalGeographic>
</subject>
 <extension>
  <searchTitle>U.S. Government Publishing Office Style Manual;
              Chapter 16 - Datelines, Addresses, and Signatures;
              </searchTitle>
  <granuleClass>CONTENT</granuleClass>
  <accessId>GPO-STYLEMANUAL-2016-18</accessId>
  <sequenceNumber>18</sequenceNumber>
  <printPageRange first="313" last="324"></printPageRange>
</extension>
</relatedItem>
<relatedItem type="constituent" ID="id-new_child1274731992689" xlink:href="https://www.govinfo.gov/metadata/granule/GPO-STYLEMANUAL-2016/GPO-STYLEMANUAL-2016-19/mods.xml">
 <titleInfo>
  <title>Chapter 17 - Useful Tables</title>
</titleInfo>
 <relatedItem type="otherFormat" xlink:href="https://www.govinfo.gov/content/pkg/GPO-STYLEMANUAL-2016/pdf/GPO-STYLEMANUAL-2016-19.pdf">
  <identifier type="FDsys Unique ID">D09002ee1a025de76</identifier>
</relatedItem>
 <identifier type="uri">https://www.govinfo.gov/app/details/GPO-STYLEMANUAL-2016/GPO-STYLEMANUAL-2016-19</identifier>
 <identifier type="former granule identifier">f:chapter17.wais</identifier>
 <location>
  <url displayLabel="Content Detail" access="object in context">https://www.govinfo.gov/app/details/GPO-STYLEMANUAL-2016/GPO-STYLEMANUAL-2016-19</url>
  <url access="raw object" displayLabel="PDF rendition">https://www.govinfo.gov/content/pkg/GPO-STYLEMANUAL-2016/pdf/GPO-STYLEMANUAL-2016-19.pdf</url>
</location>
 <subject>
  <hierarchicalGeographic>
   <country>United States of America</country>
   <state></state>
</hierarchicalGeographic>
</subject>
 <extension>
  <searchTitle>U.S. Government Publishing Office Style Manual;
              Chapter 17 - Useful Tables;
              </searchTitle>
  <granuleClass>CONTENT</granuleClass>
  <accessId>GPO-STYLEMANUAL-2016-19</accessId>
  <sequenceNumber>19</sequenceNumber>
  <printPageRange first="325" last="347"></printPageRange>
</extension>
</relatedItem>
<relatedItem type="constituent" ID="id-new_child1274731994834" xlink:href="https://www.govinfo.gov/metadata/granule/GPO-STYLEMANUAL-2016/GPO-STYLEMANUAL-2016-20/mods.xml">
 <titleInfo>
  <title>Chapter 18 - Geologic Terms and Geographic Divisions</title>
</titleInfo>
 <relatedItem type="otherFormat" xlink:href="https://www.govinfo.gov/content/pkg/GPO-STYLEMANUAL-2016/pdf/GPO-STYLEMANUAL-2016-20.pdf">
  <identifier type="FDsys Unique ID">D09002ee1a025dde2</identifier>
</relatedItem>
 <identifier type="uri">https://www.govinfo.gov/app/details/GPO-STYLEMANUAL-2016/GPO-STYLEMANUAL-2016-20</identifier>
 <identifier type="former granule identifier">f:chapter18.wais</identifier>
 <location>
  <url displayLabel="Content Detail" access="object in context">https://www.govinfo.gov/app/details/GPO-STYLEMANUAL-2016/GPO-STYLEMANUAL-2016-20</url>
  <url access="raw object" displayLabel="PDF rendition">https://www.govinfo.gov/content/pkg/GPO-STYLEMANUAL-2016/pdf/GPO-STYLEMANUAL-2016-20.pdf</url>
</location>
 <subject>
  <hierarchicalGeographic>
   <country>United States of America</country>
   <state></state>
</hierarchicalGeographic>
</subject>
 <extension>
  <searchTitle>U.S. Government Publishing Office Style Manual;
              Chapter 18 - Geologic Terms and Geographic Divisions;
              </searchTitle>
  <granuleClass>CONTENT</granuleClass>
  <accessId>GPO-STYLEMANUAL-2016-20</accessId>
  <sequenceNumber>20</sequenceNumber>
  <printPageRange first="349" last="375"></printPageRange>
</extension>
</relatedItem>
<relatedItem type="constituent" ID="id-new_child1274731997058" xlink:href="https://www.govinfo.gov/metadata/granule/GPO-STYLEMANUAL-2016/GPO-STYLEMANUAL-2016-21/mods.xml">
 <titleInfo>
  <title>Chapter 19 - Congressional Record, Congressional Record Index</title>
</titleInfo>
 <relatedItem type="otherFormat" xlink:href="https://www.govinfo.gov/content/pkg/GPO-STYLEMANUAL-2016/pdf/GPO-STYLEMANUAL-2016-21.pdf">
  <identifier type="FDsys Unique ID">D09002ee1a025de79</identifier>
</relatedItem>
 <identifier type="uri">https://www.govinfo.gov/app/details/GPO-STYLEMANUAL-2016/GPO-STYLEMANUAL-2016-21</identifier>
 <identifier type="former granule identifier">f:chapter19.wais</identifier>
 <location>
  <url displayLabel="Content Detail" access="object in context">https://www.govinfo.gov/app/details/GPO-STYLEMANUAL-2016/GPO-STYLEMANUAL-2016-21</url>
  <url access="raw object" displayLabel="PDF rendition">https://www.govinfo.gov/content/pkg/GPO-STYLEMANUAL-2016/pdf/GPO-STYLEMANUAL-2016-21.pdf</url>
</location>
 <subject>
  <hierarchicalGeographic>
   <country>United States of America</country>
   <state></state>
</hierarchicalGeographic>
</subject>
 <extension>
  <searchTitle>U.S. Government Publishing Office Style Manual;
              Chapter 19 - Congressional Record, Congressional Record Index;
              </searchTitle>
  <granuleClass>CONTENT</granuleClass>
  <accessId>GPO-STYLEMANUAL-2016-21</accessId>
  <sequenceNumber>21</sequenceNumber>
  <printPageRange first="377" last="423"></printPageRange>
</extension>
</relatedItem>
<relatedItem type="constituent" ID="id-new_child1274732001322" xlink:href="https://www.govinfo.gov/metadata/granule/GPO-STYLEMANUAL-2016/GPO-STYLEMANUAL-2016-22/mods.xml">
 <titleInfo>
  <title>Chapter 20 - Reports and Hearings</title>
</titleInfo>
 <relatedItem type="otherFormat" xlink:href="https://www.govinfo.gov/content/pkg/GPO-STYLEMANUAL-2016/pdf/GPO-STYLEMANUAL-2016-22.pdf">
  <identifier type="FDsys Unique ID">D09002ee1a025dddf</identifier>
</relatedItem>
 <identifier type="uri">https://www.govinfo.gov/app/details/GPO-STYLEMANUAL-2016/GPO-STYLEMANUAL-2016-22</identifier>
 <identifier type="former granule identifier">f:chapter20.wais</identifier>
 <location>
  <url displayLabel="Content Detail" access="object in context">https://www.govinfo.gov/app/details/GPO-STYLEMANUAL-2016/GPO-STYLEMANUAL-2016-22</url>
  <url access="raw object" displayLabel="PDF rendition">https://www.govinfo.gov/content/pkg/GPO-STYLEMANUAL-2016/pdf/GPO-STYLEMANUAL-2016-22.pdf</url>
</location>
 <subject>
  <hierarchicalGeographic>
   <country>United States of America</country>
   <state></state>
</hierarchicalGeographic>
</subject>
 <extension>
  <searchTitle>U.S. Government Publishing Office Style Manual;
              Chapter 20 - Reports and Hearings;
              </searchTitle>
  <granuleClass>CONTENT</granuleClass>
  <accessId>GPO-STYLEMANUAL-2016-22</accessId>
  <sequenceNumber>22</sequenceNumber>
  <printPageRange first="425" last="440"></printPageRange>
</extension>
</relatedItem>
<relatedItem type="constituent" ID="id-new_child1274732004474" xlink:href="https://www.govinfo.gov/metadata/granule/GPO-STYLEMANUAL-2016/GPO-STYLEMANUAL-2016-23/mods.xml">
 <titleInfo>
  <title>Index</title>
</titleInfo>
 <relatedItem type="otherFormat" xlink:href="https://www.govinfo.gov/content/pkg/GPO-STYLEMANUAL-2016/pdf/GPO-STYLEMANUAL-2016-23.pdf">
  <identifier type="FDsys Unique ID">D09002ee1a025dde5</identifier>
</relatedItem>
 <identifier type="uri">https://www.govinfo.gov/app/details/GPO-STYLEMANUAL-2016/GPO-STYLEMANUAL-2016-23</identifier>
 <location>
  <url displayLabel="Content Detail" access="object in context">https://www.govinfo.gov/app/details/GPO-STYLEMANUAL-2016/GPO-STYLEMANUAL-2016-23</url>
  <url access="raw object" displayLabel="PDF rendition">https://www.govinfo.gov/content/pkg/GPO-STYLEMANUAL-2016/pdf/GPO-STYLEMANUAL-2016-23.pdf</url>
</location>
 <subject>
  <hierarchicalGeographic>
   <country>United States of America</country>
   <state></state>
</hierarchicalGeographic>
</subject>
 <extension>
  <searchTitle>U.S. Government Publishing Office Style Manual;
              Index;
              </searchTitle>
  <granuleClass>CONTENT</granuleClass>
  <accessId>GPO-STYLEMANUAL-2016-23</accessId>
  <sequenceNumber>23</sequenceNumber>
  <printPageRange first="441" last="461"></printPageRange>
</extension>
</relatedItem>
</mods>